<?xml version="1.0" encoding="UTF-8"?>
<OIRA_DATA
xmlns:xsi="http://www.w3.org/2001/XMLSchema-instance"
xsi:noNamespaceSchemaLocation="http://reginfo.gov/public/xml/OIRA.REPORTS.xsd"
RUNDATE="2017-05-31">
<REGACT>
<AGENCY_CODE>0412</AGENCY_CODE>
<RIN>0412-AA79</RIN>
<TITLE>Agency for International Development Acquisition Regulation (AIDAR): Incorporating a New Clause Entitled: Submission of Data Sets to the Development Data Library</TITLE>
<STAGE>Proposed Rule</STAGE>
<ECONOMICALLY_SIGNIFICANT>No</ECONOMICALLY_SIGNIFICANT>
<DATE_RECEIVED>2016-10-15</DATE_RECEIVED>
<LEGAL_DEADLINE>None</LEGAL_DEADLINE>
<DATE_COMPLETED>2017-01-26</DATE_COMPLETED>
<DECISION>Withdrawn</DECISION>
<HEALTH_CARE_ACT>No</HEALTH_CARE_ACT>
<DODD_FRANK_ACT>No</DODD_FRANK_ACT>
<INTERNATIONAL_IMPACTS>Yes</INTERNATIONAL_IMPACTS>
</REGACT>
<REGACT>
<AGENCY_CODE>0412</AGENCY_CODE>
<RIN>0412-AA84</RIN>
<TITLE>Agency for International Development Acquisition Regulation (AIDAR) Appendices D and J: Incentive Awards for Personal Services Contractors</TITLE>
<STAGE>Proposed Rule</STAGE>
<ECONOMICALLY_SIGNIFICANT>No</ECONOMICALLY_SIGNIFICANT>
<DATE_RECEIVED>2016-06-28</DATE_RECEIVED>
<LEGAL_DEADLINE>None</LEGAL_DEADLINE>
<DATE_COMPLETED>2017-01-26</DATE_COMPLETED>
<DECISION>Withdrawn</DECISION>
<HEALTH_CARE_ACT>No</HEALTH_CARE_ACT>
<DODD_FRANK_ACT>No</DODD_FRANK_ACT>
<INTERNATIONAL_IMPACTS>Yes</INTERNATIONAL_IMPACTS>
</REGACT>
<REGACT>
<AGENCY_CODE>0579</AGENCY_CODE>
<RIN>0579-AD06</RIN>
<TITLE>Viruses, Serums, Toxins, and Analogous Products; Expiration Date Required for Serials and Subserials and Determination of Expiration Date of Product</TITLE>
<STAGE>Final Rule</STAGE>
<ECONOMICALLY_SIGNIFICANT>No</ECONOMICALLY_SIGNIFICANT>
<DATE_RECEIVED>2016-09-22</DATE_RECEIVED>
<LEGAL_DEADLINE>None</LEGAL_DEADLINE>
<DATE_COMPLETED>2017-01-24</DATE_COMPLETED>
<DECISION>Withdrawn</DECISION>
<HEALTH_CARE_ACT>No</HEALTH_CARE_ACT>
<DODD_FRANK_ACT>No</DODD_FRANK_ACT>
<INTERNATIONAL_IMPACTS>No</INTERNATIONAL_IMPACTS>
</REGACT>
<REGACT>
<AGENCY_CODE>0579</AGENCY_CODE>
<RIN>0579-AD50</RIN>
<TITLE>Forfeiture Procedures Under the Endangered Species Act and the Lacey Act Amendments</TITLE>
<STAGE>Final Rule</STAGE>
<ECONOMICALLY_SIGNIFICANT>No</ECONOMICALLY_SIGNIFICANT>
<DATE_RECEIVED>2016-02-02</DATE_RECEIVED>
<LEGAL_DEADLINE>None</LEGAL_DEADLINE>
<DATE_COMPLETED>2017-01-24</DATE_COMPLETED>
<DECISION>Withdrawn</DECISION>
<HEALTH_CARE_ACT>No</HEALTH_CARE_ACT>
<DODD_FRANK_ACT>No</DODD_FRANK_ACT>
<INTERNATIONAL_IMPACTS>No</INTERNATIONAL_IMPACTS>
</REGACT>
<REGACT>
<AGENCY_CODE>0579</AGENCY_CODE>
<RIN>0579-AE08</RIN>
<TITLE>Agricultural Bioterrorism Protection Act of 2002; Biennial Review and Republication of the Select Agent and Toxin List</TITLE>
<STAGE>Final Rule</STAGE>
<ECONOMICALLY_SIGNIFICANT>No</ECONOMICALLY_SIGNIFICANT>
<DATE_RECEIVED>2016-12-19</DATE_RECEIVED>
<LEGAL_DEADLINE>None</LEGAL_DEADLINE>
<DATE_COMPLETED>2017-01-10</DATE_COMPLETED>
<DECISION>Consistent with Change</DECISION>
<DATE_PUBLISHED>2017-01-19</DATE_PUBLISHED>
<HEALTH_CARE_ACT>No</HEALTH_CARE_ACT>
<DODD_FRANK_ACT>No</DODD_FRANK_ACT>
<INTERNATIONAL_IMPACTS>No</INTERNATIONAL_IMPACTS>
</REGACT>
<REGACT>
<AGENCY_CODE>0579</AGENCY_CODE>
<RIN>0579-AE15</RIN>
<TITLE>Importation, Interstate Movement, and Release Into the Environment of Certain Genetically Engineered Organisms</TITLE>
<STAGE>Proposed Rule</STAGE>
<ECONOMICALLY_SIGNIFICANT>No</ECONOMICALLY_SIGNIFICANT>
<DATE_RECEIVED>2016-09-16</DATE_RECEIVED>
<LEGAL_DEADLINE>None</LEGAL_DEADLINE>
<DATE_COMPLETED>2017-01-10</DATE_COMPLETED>
<DECISION>Consistent with Change</DECISION>
<DATE_PUBLISHED>2017-01-19</DATE_PUBLISHED>
<HEALTH_CARE_ACT>No</HEALTH_CARE_ACT>
<DODD_FRANK_ACT>No</DODD_FRANK_ACT>
<INTERNATIONAL_IMPACTS>Yes</INTERNATIONAL_IMPACTS>
</REGACT>
<REGACT>
<AGENCY_CODE>0579</AGENCY_CODE>
<RIN>0579-AE19</RIN>
<TITLE>Horse Protection; Licensing of Designated Qualified Persons and Other Amendments</TITLE>
<STAGE>Final Rule</STAGE>
<ECONOMICALLY_SIGNIFICANT>No</ECONOMICALLY_SIGNIFICANT>
<DATE_RECEIVED>2016-12-09</DATE_RECEIVED>
<LEGAL_DEADLINE>None</LEGAL_DEADLINE>
<DATE_COMPLETED>2017-01-10</DATE_COMPLETED>
<DECISION>Consistent with Change</DECISION>
<HEALTH_CARE_ACT>No</HEALTH_CARE_ACT>
<DODD_FRANK_ACT>No</DODD_FRANK_ACT>
<INTERNATIONAL_IMPACTS>No</INTERNATIONAL_IMPACTS>
</REGACT>
<REGACT>
<AGENCY_CODE>0581</AGENCY_CODE>
<RIN>0581-AD34</RIN>
<TITLE>National Organic Program--Organic Aquaculture Standards</TITLE>
<STAGE>Proposed Rule</STAGE>
<ECONOMICALLY_SIGNIFICANT>No</ECONOMICALLY_SIGNIFICANT>
<DATE_RECEIVED>2015-08-17</DATE_RECEIVED>
<LEGAL_DEADLINE>None</LEGAL_DEADLINE>
<DATE_COMPLETED>2017-01-24</DATE_COMPLETED>
<DECISION>Withdrawn</DECISION>
<HEALTH_CARE_ACT>No</HEALTH_CARE_ACT>
<DODD_FRANK_ACT>No</DODD_FRANK_ACT>
<INTERNATIONAL_IMPACTS>No</INTERNATIONAL_IMPACTS>
</REGACT>
<REGACT>
<AGENCY_CODE>0581</AGENCY_CODE>
<RIN>0581-AD44</RIN>
<TITLE>NOP; Organic Livestock and Poultry Practices;</TITLE>
<STAGE>Final Rule</STAGE>
<ECONOMICALLY_SIGNIFICANT>Yes</ECONOMICALLY_SIGNIFICANT>
<DATE_RECEIVED>2016-11-03</DATE_RECEIVED>
<LEGAL_DEADLINE>None</LEGAL_DEADLINE>
<DATE_COMPLETED>2017-01-11</DATE_COMPLETED>
<DECISION>Consistent with Change</DECISION>
<DATE_PUBLISHED>2017-01-19</DATE_PUBLISHED>
<HEALTH_CARE_ACT>No</HEALTH_CARE_ACT>
<DODD_FRANK_ACT>No</DODD_FRANK_ACT>
<INTERNATIONAL_IMPACTS>Yes</INTERNATIONAL_IMPACTS>
</REGACT>
<REGACT>
<AGENCY_CODE>0581</AGENCY_CODE>
<RIN>0581-AD54</RIN>
<TITLE>National Bioengineered Food Disclosure Standard</TITLE>
<STAGE>Prerule</STAGE>
<ECONOMICALLY_SIGNIFICANT>No</ECONOMICALLY_SIGNIFICANT>
<DATE_RECEIVED>2017-01-18</DATE_RECEIVED>
<LEGAL_DEADLINE>None</LEGAL_DEADLINE>
<DATE_COMPLETED>2017-01-24</DATE_COMPLETED>
<DECISION>Withdrawn</DECISION>
<HEALTH_CARE_ACT>No</HEALTH_CARE_ACT>
<DODD_FRANK_ACT>No</DODD_FRANK_ACT>
<INTERNATIONAL_IMPACTS>Yes</INTERNATIONAL_IMPACTS>
</REGACT>
<REGACT>
<AGENCY_CODE>0648</AGENCY_CODE>
<RIN>0648-BC86</RIN>
<TITLE>Billfish Conservation Act of 2012 Implementation</TITLE>
<STAGE>Proposed Rule</STAGE>
<ECONOMICALLY_SIGNIFICANT>No</ECONOMICALLY_SIGNIFICANT>
<DATE_RECEIVED>2016-04-28</DATE_RECEIVED>
<LEGAL_DEADLINE>None</LEGAL_DEADLINE>
<DATE_COMPLETED>2017-01-11</DATE_COMPLETED>
<DECISION>Withdrawn</DECISION>
<HEALTH_CARE_ACT>No</HEALTH_CARE_ACT>
<DODD_FRANK_ACT>No</DODD_FRANK_ACT>
<INTERNATIONAL_IMPACTS>Yes</INTERNATIONAL_IMPACTS>
</REGACT>
<REGACT>
<AGENCY_CODE>0906</AGENCY_CODE>
<RIN>0906-AB02</RIN>
<TITLE>Definition of Human Organ Under Section 301 of the National Organ Transplant Act of 1984</TITLE>
<STAGE>Final Rule</STAGE>
<ECONOMICALLY_SIGNIFICANT>No</ECONOMICALLY_SIGNIFICANT>
<DATE_RECEIVED>2016-09-09</DATE_RECEIVED>
<LEGAL_DEADLINE>Statutory</LEGAL_DEADLINE>
<DATE_COMPLETED>2017-01-25</DATE_COMPLETED>
<DECISION>Withdrawn</DECISION>
<HEALTH_CARE_ACT>No</HEALTH_CARE_ACT>
<DODD_FRANK_ACT>No</DODD_FRANK_ACT>
<INTERNATIONAL_IMPACTS>No</INTERNATIONAL_IMPACTS>
</REGACT>
<REGACT>
<AGENCY_CODE>0906</AGENCY_CODE>
<RIN>0906-AB08</RIN>
<TITLE>340B Program Omnibus Guidelines</TITLE>
<STAGE>Notice</STAGE>
<ECONOMICALLY_SIGNIFICANT>No</ECONOMICALLY_SIGNIFICANT>
<DATE_RECEIVED>2016-09-01</DATE_RECEIVED>
<LEGAL_DEADLINE>None</LEGAL_DEADLINE>
<DATE_COMPLETED>2017-01-30</DATE_COMPLETED>
<DECISION>Withdrawn</DECISION>
<HEALTH_CARE_ACT>No</HEALTH_CARE_ACT>
<DODD_FRANK_ACT>No</DODD_FRANK_ACT>
<INTERNATIONAL_IMPACTS>No</INTERNATIONAL_IMPACTS>
</REGACT>
<REGACT>
<AGENCY_CODE>0910</AGENCY_CODE>
<RIN>0910-AG96</RIN>
<TITLE>Format and Content of Reports Intended to Demonstrate Substantial Equivalence</TITLE>
<STAGE>Proposed Rule</STAGE>
<ECONOMICALLY_SIGNIFICANT>No</ECONOMICALLY_SIGNIFICANT>
<DATE_RECEIVED>2016-09-28</DATE_RECEIVED>
<LEGAL_DEADLINE>None</LEGAL_DEADLINE>
<DATE_COMPLETED>2017-01-09</DATE_COMPLETED>
<DECISION>Consistent with Change</DECISION>
<HEALTH_CARE_ACT>No</HEALTH_CARE_ACT>
<DODD_FRANK_ACT>No</DODD_FRANK_ACT>
<INTERNATIONAL_IMPACTS>No</INTERNATIONAL_IMPACTS>
</REGACT>
<REGACT>
<AGENCY_CODE>0910</AGENCY_CODE>
<RIN>0910-AH28</RIN>
<TITLE>Direct Food Substances Affirmed as Generally Recognized as Safe; Partially Hydrogenated Menhaden Oil and Rapeseed Oil</TITLE>
<STAGE>Proposed Rule</STAGE>
<ECONOMICALLY_SIGNIFICANT>No</ECONOMICALLY_SIGNIFICANT>
<DATE_RECEIVED>2016-07-27</DATE_RECEIVED>
<LEGAL_DEADLINE>None</LEGAL_DEADLINE>
<DATE_COMPLETED>2017-01-25</DATE_COMPLETED>
<DECISION>Withdrawn</DECISION>
<HEALTH_CARE_ACT>No</HEALTH_CARE_ACT>
<DODD_FRANK_ACT>No</DODD_FRANK_ACT>
<INTERNATIONAL_IMPACTS>Yes</INTERNATIONAL_IMPACTS>
</REGACT>
<REGACT>
<AGENCY_CODE>0910</AGENCY_CODE>
<RIN>0910-ZA46</RIN>
<TITLE>Tobacco Product Standard for N-nitrosonornicotine Level in Finished Smokeless Tobacco Products</TITLE>
<STAGE>Proposed Rule</STAGE>
<ECONOMICALLY_SIGNIFICANT>Yes</ECONOMICALLY_SIGNIFICANT>
<DATE_RECEIVED>2016-08-17</DATE_RECEIVED>
<LEGAL_DEADLINE>None</LEGAL_DEADLINE>
<DATE_COMPLETED>2017-01-12</DATE_COMPLETED>
<DECISION>Consistent with Change</DECISION>
<HEALTH_CARE_ACT>No</HEALTH_CARE_ACT>
<DODD_FRANK_ACT>No</DODD_FRANK_ACT>
<INTERNATIONAL_IMPACTS>Yes</INTERNATIONAL_IMPACTS>
</REGACT>
<REGACT>
<AGENCY_CODE>0910</AGENCY_CODE>
<RIN>0910-ZA48</RIN>
<TITLE>Food Labeling; Nutrition Labeling of Standard Menu Items in Restaurants and Similar Retail Food Establishments; Extension of Compliance Date; Request for Comments</TITLE>
<STAGE>Interim Final Rule</STAGE>
<ECONOMICALLY_SIGNIFICANT>Yes</ECONOMICALLY_SIGNIFICANT>
<DATE_RECEIVED>2017-04-26</DATE_RECEIVED>
<LEGAL_DEADLINE>None</LEGAL_DEADLINE>
<DATE_COMPLETED>2017-05-01</DATE_COMPLETED>
<DECISION>Consistent with Change</DECISION>
<HEALTH_CARE_ACT>No</HEALTH_CARE_ACT>
<DODD_FRANK_ACT>No</DODD_FRANK_ACT>
<INTERNATIONAL_IMPACTS>No</INTERNATIONAL_IMPACTS>
</REGACT>
<REGACT>
<AGENCY_CODE>0920</AGENCY_CODE>
<RIN>0920-AA59</RIN>
<TITLE>Possession, Use, and Transfer of Select Agents and Toxins; Biennial Review, Addition of Certain Influenza Strains to the List of Select Agents, and Enhanced Biosafety Requirements</TITLE>
<STAGE>Final Rule</STAGE>
<ECONOMICALLY_SIGNIFICANT>No</ECONOMICALLY_SIGNIFICANT>
<DATE_RECEIVED>2016-08-18</DATE_RECEIVED>
<LEGAL_DEADLINE>None</LEGAL_DEADLINE>
<DATE_COMPLETED>2017-01-09</DATE_COMPLETED>
<DECISION>Consistent with Change</DECISION>
<DATE_PUBLISHED>2017-01-19</DATE_PUBLISHED>
<HEALTH_CARE_ACT>No</HEALTH_CARE_ACT>
<DODD_FRANK_ACT>No</DODD_FRANK_ACT>
<INTERNATIONAL_IMPACTS>No</INTERNATIONAL_IMPACTS>
</REGACT>
<REGACT>
<AGENCY_CODE>0920</AGENCY_CODE>
<RIN>0920-AA63</RIN>
<TITLE>Control of Communicable Diseases</TITLE>
<STAGE>Final Rule</STAGE>
<ECONOMICALLY_SIGNIFICANT>No</ECONOMICALLY_SIGNIFICANT>
<DATE_RECEIVED>2016-11-01</DATE_RECEIVED>
<LEGAL_DEADLINE>None</LEGAL_DEADLINE>
<DATE_COMPLETED>2017-01-09</DATE_COMPLETED>
<DECISION>Consistent with Change</DECISION>
<DATE_PUBLISHED>2017-01-19</DATE_PUBLISHED>
<HEALTH_CARE_ACT>No</HEALTH_CARE_ACT>
<DODD_FRANK_ACT>No</DODD_FRANK_ACT>
<INTERNATIONAL_IMPACTS>Yes</INTERNATIONAL_IMPACTS>
</REGACT>
<REGACT>
<AGENCY_CODE>0930</AGENCY_CODE>
<RIN>0930-AA21</RIN>
<TITLE>Confidentiality of Substance Use Disorder Patient Records</TITLE>
<STAGE>Final Rule</STAGE>
<ECONOMICALLY_SIGNIFICANT>No</ECONOMICALLY_SIGNIFICANT>
<DATE_RECEIVED>2016-10-26</DATE_RECEIVED>
<LEGAL_DEADLINE>None</LEGAL_DEADLINE>
<DATE_COMPLETED>2017-01-10</DATE_COMPLETED>
<DECISION>Consistent with Change</DECISION>
<DATE_PUBLISHED>2017-01-18</DATE_PUBLISHED>
<HEALTH_CARE_ACT>No</HEALTH_CARE_ACT>
<DODD_FRANK_ACT>No</DODD_FRANK_ACT>
<INTERNATIONAL_IMPACTS>No</INTERNATIONAL_IMPACTS>
</REGACT>
<REGACT>
<AGENCY_CODE>0930</AGENCY_CODE>
<RIN>0930-AA23</RIN>
<TITLE>Substance Abuse and Mental Health Services Administration Mandatory Guidelines for Federal Workplace Drug Testing Programs
</TITLE>
<STAGE>Final Rule</STAGE>
<ECONOMICALLY_SIGNIFICANT>No</ECONOMICALLY_SIGNIFICANT>
<DATE_RECEIVED>2016-09-15</DATE_RECEIVED>
<LEGAL_DEADLINE>None</LEGAL_DEADLINE>
<DATE_COMPLETED>2017-01-11</DATE_COMPLETED>
<DECISION>Consistent with Change</DECISION>
<HEALTH_CARE_ACT>No</HEALTH_CARE_ACT>
<DODD_FRANK_ACT>No</DODD_FRANK_ACT>
<INTERNATIONAL_IMPACTS>No</INTERNATIONAL_IMPACTS>
</REGACT>
<REGACT>
<AGENCY_CODE>0930</AGENCY_CODE>
<RIN>0930-AA24</RIN>
<TITLE>Substance Abuse and Mental Health Services Administration
Mandatory Guidelines for Federal Workplace Drug Testing Programs
</TITLE>
<STAGE>Final Rule</STAGE>
<ECONOMICALLY_SIGNIFICANT>No</ECONOMICALLY_SIGNIFICANT>
<DATE_RECEIVED>2016-09-15</DATE_RECEIVED>
<LEGAL_DEADLINE>None</LEGAL_DEADLINE>
<DATE_COMPLETED>2017-01-25</DATE_COMPLETED>
<DECISION>Withdrawn</DECISION>
<HEALTH_CARE_ACT>No</HEALTH_CARE_ACT>
<DODD_FRANK_ACT>No</DODD_FRANK_ACT>
<INTERNATIONAL_IMPACTS>No</INTERNATIONAL_IMPACTS>
</REGACT>
<REGACT>
<AGENCY_CODE>0930</AGENCY_CODE>
<RIN>0930-ZA07</RIN>
<TITLE>Confidentiality of Substance Use Disorder Patient Records</TITLE>
<STAGE>Proposed Rule</STAGE>
<ECONOMICALLY_SIGNIFICANT>No</ECONOMICALLY_SIGNIFICANT>
<DATE_RECEIVED>2016-12-28</DATE_RECEIVED>
<LEGAL_DEADLINE>None</LEGAL_DEADLINE>
<DATE_COMPLETED>2017-01-10</DATE_COMPLETED>
<DECISION>Consistent with Change</DECISION>
<HEALTH_CARE_ACT>No</HEALTH_CARE_ACT>
<DODD_FRANK_ACT>No</DODD_FRANK_ACT>
<INTERNATIONAL_IMPACTS>No</INTERNATIONAL_IMPACTS>
</REGACT>
<REGACT>
<AGENCY_CODE>0937</AGENCY_CODE>
<RIN>0937-AA02</RIN>
<TITLE>Federal Policy for the Protection of Human Subjects; Final Rules</TITLE>
<STAGE>Final Rule</STAGE>
<ECONOMICALLY_SIGNIFICANT>Yes</ECONOMICALLY_SIGNIFICANT>
<DATE_RECEIVED>2017-01-04</DATE_RECEIVED>
<LEGAL_DEADLINE>None</LEGAL_DEADLINE>
<DATE_COMPLETED>2017-01-16</DATE_COMPLETED>
<DECISION>Consistent with Change</DECISION>
<HEALTH_CARE_ACT>No</HEALTH_CARE_ACT>
<DODD_FRANK_ACT>No</DODD_FRANK_ACT>
<INTERNATIONAL_IMPACTS>No</INTERNATIONAL_IMPACTS>
</REGACT>
<REGACT>
<AGENCY_CODE>0938</AGENCY_CODE>
<RIN>0938-AG81</RIN>
<TITLE>Conditions of Participation for Home Health Agencies (CMS-3819-F)</TITLE>
<STAGE>Final Rule</STAGE>
<ECONOMICALLY_SIGNIFICANT>Yes</ECONOMICALLY_SIGNIFICANT>
<DATE_RECEIVED>2016-05-06</DATE_RECEIVED>
<LEGAL_DEADLINE>Statutory</LEGAL_DEADLINE>
<DATE_COMPLETED>2017-01-05</DATE_COMPLETED>
<DECISION>Consistent with Change</DECISION>
<DATE_PUBLISHED>2017-01-13</DATE_PUBLISHED>
<HEALTH_CARE_ACT>Yes</HEALTH_CARE_ACT>
<DODD_FRANK_ACT>No</DODD_FRANK_ACT>
<INTERNATIONAL_IMPACTS>No</INTERNATIONAL_IMPACTS>
</REGACT>
<REGACT>
<AGENCY_CODE>0938</AGENCY_CODE>
<RIN>0938-AR84</RIN>
<TITLE>Establishment of Special Payment Provisions and Requirements for Qualified Practitioners and Qualified Suppliers of Prosthetics and Custom-Fabricated Orthotics (CMS-6012-P)</TITLE>
<STAGE>Proposed Rule</STAGE>
<ECONOMICALLY_SIGNIFICANT>No</ECONOMICALLY_SIGNIFICANT>
<DATE_RECEIVED>2016-04-27</DATE_RECEIVED>
<LEGAL_DEADLINE>Statutory</LEGAL_DEADLINE>
<DATE_COMPLETED>2017-01-06</DATE_COMPLETED>
<DECISION>Consistent with Change</DECISION>
<DATE_PUBLISHED>2017-01-12</DATE_PUBLISHED>
<HEALTH_CARE_ACT>No</HEALTH_CARE_ACT>
<DODD_FRANK_ACT>No</DODD_FRANK_ACT>
<INTERNATIONAL_IMPACTS>No</INTERNATIONAL_IMPACTS>
</REGACT>
<REGACT>
<AGENCY_CODE>0938</AGENCY_CODE>
<RIN>0938-AS56</RIN>
<TITLE>Pre-Existing Condition Insurance Plan Program Updates (CMS-9995-IFC4)</TITLE>
<STAGE>Interim Final Rule</STAGE>
<ECONOMICALLY_SIGNIFICANT>No</ECONOMICALLY_SIGNIFICANT>
<DATE_RECEIVED>2015-02-03</DATE_RECEIVED>
<LEGAL_DEADLINE>None</LEGAL_DEADLINE>
<DATE_COMPLETED>2017-01-25</DATE_COMPLETED>
<DECISION>Withdrawn</DECISION>
<HEALTH_CARE_ACT>Yes</HEALTH_CARE_ACT>
<DODD_FRANK_ACT>No</DODD_FRANK_ACT>
<INTERNATIONAL_IMPACTS>No</INTERNATIONAL_IMPACTS>
</REGACT>
<REGACT>
<AGENCY_CODE>0938</AGENCY_CODE>
<RIN>0938-AS61</RIN>
<TITLE>Medicaid Supplemental Payment and Accountability (CMS-2393-P)</TITLE>
<STAGE>Proposed Rule</STAGE>
<ECONOMICALLY_SIGNIFICANT>No</ECONOMICALLY_SIGNIFICANT>
<DATE_RECEIVED>2016-07-19</DATE_RECEIVED>
<LEGAL_DEADLINE>None</LEGAL_DEADLINE>
<DATE_COMPLETED>2017-01-25</DATE_COMPLETED>
<DECISION>Withdrawn</DECISION>
<HEALTH_CARE_ACT>No</HEALTH_CARE_ACT>
<DODD_FRANK_ACT>No</DODD_FRANK_ACT>
<INTERNATIONAL_IMPACTS>No</INTERNATIONAL_IMPACTS>
</REGACT>
<REGACT>
<AGENCY_CODE>0938</AGENCY_CODE>
<RIN>0938-AS84</RIN>
<TITLE>Program Integrity Enhancements to the Provider Enrollment Process (CMS-6058-F)</TITLE>
<STAGE>Final Rule</STAGE>
<ECONOMICALLY_SIGNIFICANT>Yes</ECONOMICALLY_SIGNIFICANT>
<DATE_RECEIVED>2016-11-14</DATE_RECEIVED>
<LEGAL_DEADLINE>Statutory</LEGAL_DEADLINE>
<DATE_COMPLETED>2017-01-26</DATE_COMPLETED>
<DECISION>Withdrawn</DECISION>
<HEALTH_CARE_ACT>Yes</HEALTH_CARE_ACT>
<DODD_FRANK_ACT>No</DODD_FRANK_ACT>
<INTERNATIONAL_IMPACTS>No</INTERNATIONAL_IMPACTS>
</REGACT>
<REGACT>
<AGENCY_CODE>0938</AGENCY_CODE>
<RIN>0938-AS96</RIN>
<TITLE>FY 2018 Prospective Payment System and Consolidated Billing for Skilled Nursing Facilities (SNFs) (CMS-1679-P)</TITLE>
<STAGE>Proposed Rule</STAGE>
<ECONOMICALLY_SIGNIFICANT>Yes</ECONOMICALLY_SIGNIFICANT>
<DATE_RECEIVED>2017-03-14</DATE_RECEIVED>
<LEGAL_DEADLINE>Statutory</LEGAL_DEADLINE>
<DATE_COMPLETED>2017-04-24</DATE_COMPLETED>
<DECISION>Consistent with Change</DECISION>
<HEALTH_CARE_ACT>No</HEALTH_CARE_ACT>
<DODD_FRANK_ACT>No</DODD_FRANK_ACT>
<INTERNATIONAL_IMPACTS>No</INTERNATIONAL_IMPACTS>
</REGACT>
<REGACT>
<AGENCY_CODE>0938</AGENCY_CODE>
<RIN>0938-AS98</RIN>
<TITLE>Hospital Inpatient Prospective Payment System for Acute Care Hospitals and the Long-Term Care Hospital Prospective Payment System and FY 2018 Rates (CMS-1677-P)</TITLE>
<STAGE>Proposed Rule</STAGE>
<ECONOMICALLY_SIGNIFICANT>Yes</ECONOMICALLY_SIGNIFICANT>
<DATE_RECEIVED>2017-03-08</DATE_RECEIVED>
<LEGAL_DEADLINE>Statutory</LEGAL_DEADLINE>
<DATE_COMPLETED>2017-04-13</DATE_COMPLETED>
<DECISION>Consistent with Change</DECISION>
<HEALTH_CARE_ACT>No</HEALTH_CARE_ACT>
<DODD_FRANK_ACT>No</DODD_FRANK_ACT>
<INTERNATIONAL_IMPACTS>No</INTERNATIONAL_IMPACTS>
</REGACT>
<REGACT>
<AGENCY_CODE>0938</AGENCY_CODE>
<RIN>0938-AS99</RIN>
<TITLE>FY 2018 Inpatient Rehabilitation Facility (IRF) Prospective Payment System (CMS-1671-P)</TITLE>
<STAGE>Proposed Rule</STAGE>
<ECONOMICALLY_SIGNIFICANT>No</ECONOMICALLY_SIGNIFICANT>
<DATE_RECEIVED>2017-03-09</DATE_RECEIVED>
<LEGAL_DEADLINE>Statutory</LEGAL_DEADLINE>
<DATE_COMPLETED>2017-04-21</DATE_COMPLETED>
<DECISION>Consistent with Change</DECISION>
<HEALTH_CARE_ACT>Yes</HEALTH_CARE_ACT>
<DODD_FRANK_ACT>No</DODD_FRANK_ACT>
<INTERNATIONAL_IMPACTS>No</INTERNATIONAL_IMPACTS>
</REGACT>
<REGACT>
<AGENCY_CODE>0938</AGENCY_CODE>
<RIN>0938-AT00</RIN>
<TITLE>FY 2018 Hospice Wage Index and Payment Rate Update and Hospice Quality Reporting Requirements (CMS-1675-P)</TITLE>
<STAGE>Proposed Rule</STAGE>
<ECONOMICALLY_SIGNIFICANT>Yes</ECONOMICALLY_SIGNIFICANT>
<DATE_RECEIVED>2017-03-23</DATE_RECEIVED>
<LEGAL_DEADLINE>Statutory</LEGAL_DEADLINE>
<DATE_COMPLETED>2017-04-20</DATE_COMPLETED>
<DECISION>Consistent with Change</DECISION>
<HEALTH_CARE_ACT>No</HEALTH_CARE_ACT>
<DODD_FRANK_ACT>No</DODD_FRANK_ACT>
<INTERNATIONAL_IMPACTS>No</INTERNATIONAL_IMPACTS>
</REGACT>
<REGACT>
<AGENCY_CODE>0938</AGENCY_CODE>
<RIN>0938-AT10</RIN>
<TITLE>The Use of New or Increased Pass-Through Payments in Medicaid Managed Care Delivery Systems (CMS-2402-P)</TITLE>
<STAGE>Final Rule</STAGE>
<ECONOMICALLY_SIGNIFICANT>Yes</ECONOMICALLY_SIGNIFICANT>
<DATE_RECEIVED>2016-12-28</DATE_RECEIVED>
<LEGAL_DEADLINE>None</LEGAL_DEADLINE>
<DATE_COMPLETED>2017-01-10</DATE_COMPLETED>
<DECISION>Consistent with Change</DECISION>
<DATE_PUBLISHED>2016-11-22</DATE_PUBLISHED>
<HEALTH_CARE_ACT>No</HEALTH_CARE_ACT>
<DODD_FRANK_ACT>No</DODD_FRANK_ACT>
<INTERNATIONAL_IMPACTS>No</INTERNATIONAL_IMPACTS>
</REGACT>
<REGACT>
<AGENCY_CODE>0938</AGENCY_CODE>
<RIN>0938-AT14</RIN>
<TITLE>Patient Protection and Affordable Care Act; Market Stabilization (CMS-9929-F)</TITLE>
<STAGE>Final Rule</STAGE>
<ECONOMICALLY_SIGNIFICANT>Yes</ECONOMICALLY_SIGNIFICANT>
<DATE_RECEIVED>2017-03-31</DATE_RECEIVED>
<LEGAL_DEADLINE>None</LEGAL_DEADLINE>
<DATE_COMPLETED>2017-04-12</DATE_COMPLETED>
<DECISION>Consistent with Change</DECISION>
<HEALTH_CARE_ACT>Yes</HEALTH_CARE_ACT>
<DODD_FRANK_ACT>No</DODD_FRANK_ACT>
<INTERNATIONAL_IMPACTS>No</INTERNATIONAL_IMPACTS>
</REGACT>
<REGACT>
<AGENCY_CODE>0938</AGENCY_CODE>
<RIN>0938-AT14</RIN>
<TITLE>Patient Protection and Affordable Care Act; Market Stabilization (CMS-9929-P)</TITLE>
<STAGE>Proposed Rule</STAGE>
<ECONOMICALLY_SIGNIFICANT>Yes</ECONOMICALLY_SIGNIFICANT>
<DATE_RECEIVED>2017-02-01</DATE_RECEIVED>
<LEGAL_DEADLINE>None</LEGAL_DEADLINE>
<DATE_COMPLETED>2017-02-10</DATE_COMPLETED>
<DECISION>Consistent with Change</DECISION>
<DATE_PUBLISHED>2017-02-17</DATE_PUBLISHED>
<HEALTH_CARE_ACT>Yes</HEALTH_CARE_ACT>
<DODD_FRANK_ACT>No</DODD_FRANK_ACT>
<INTERNATIONAL_IMPACTS>No</INTERNATIONAL_IMPACTS>
</REGACT>
<REGACT>
<AGENCY_CODE>0938</AGENCY_CODE>
<RIN>0938-AT17</RIN>
<TITLE>Prospective Payment System and Consolidated Billing for Skilled Nursing Facilities: Revisions to Case-mix Methodology (CMS-1686-ANPRM)</TITLE>
<STAGE>Prerule</STAGE>
<ECONOMICALLY_SIGNIFICANT>No</ECONOMICALLY_SIGNIFICANT>
<DATE_RECEIVED>2017-04-21</DATE_RECEIVED>
<LEGAL_DEADLINE>None</LEGAL_DEADLINE>
<DATE_COMPLETED>2017-04-24</DATE_COMPLETED>
<DECISION>Consistent without Change</DECISION>
<HEALTH_CARE_ACT>No</HEALTH_CARE_ACT>
<DODD_FRANK_ACT>No</DODD_FRANK_ACT>
<INTERNATIONAL_IMPACTS>No</INTERNATIONAL_IMPACTS>
</REGACT>
<REGACT>
<AGENCY_CODE>0938</AGENCY_CODE>
<RIN>0938-ZB36</RIN>
<TITLE>The Governor Letter</TITLE>
<STAGE>Notice</STAGE>
<ECONOMICALLY_SIGNIFICANT>No</ECONOMICALLY_SIGNIFICANT>
<DATE_RECEIVED>2017-03-14</DATE_RECEIVED>
<LEGAL_DEADLINE>None</LEGAL_DEADLINE>
<DATE_COMPLETED>2017-03-15</DATE_COMPLETED>
<DECISION>Consistent with Change</DECISION>
<HEALTH_CARE_ACT>Yes</HEALTH_CARE_ACT>
<DODD_FRANK_ACT>No</DODD_FRANK_ACT>
<INTERNATIONAL_IMPACTS>No</INTERNATIONAL_IMPACTS>
</REGACT>
<REGACT>
<AGENCY_CODE>0960</AGENCY_CODE>
<RIN>0960-AH51</RIN>
<TITLE>Revisions to Rules Regarding the Evaluation of Medical Evidence</TITLE>
<STAGE>Final Rule</STAGE>
<ECONOMICALLY_SIGNIFICANT>No</ECONOMICALLY_SIGNIFICANT>
<DATE_RECEIVED>2016-12-14</DATE_RECEIVED>
<LEGAL_DEADLINE>None</LEGAL_DEADLINE>
<DATE_COMPLETED>2017-01-05</DATE_COMPLETED>
<DECISION>Consistent with Change</DECISION>
<HEALTH_CARE_ACT>No</HEALTH_CARE_ACT>
<DODD_FRANK_ACT>No</DODD_FRANK_ACT>
<INTERNATIONAL_IMPACTS>No</INTERNATIONAL_IMPACTS>
</REGACT>
<REGACT>
<AGENCY_CODE>0960</AGENCY_CODE>
<RIN>0960-AH63</RIN>
<TITLE>Revisions to Rules of Conduct and Standards of Responsibility for Appointed Representatives</TITLE>
<STAGE>Final Rule</STAGE>
<ECONOMICALLY_SIGNIFICANT>No</ECONOMICALLY_SIGNIFICANT>
<DATE_RECEIVED>2016-12-08</DATE_RECEIVED>
<LEGAL_DEADLINE>None</LEGAL_DEADLINE>
<DATE_COMPLETED>2017-01-09</DATE_COMPLETED>
<DECISION>Withdrawn</DECISION>
<HEALTH_CARE_ACT>No</HEALTH_CARE_ACT>
<DODD_FRANK_ACT>No</DODD_FRANK_ACT>
<INTERNATIONAL_IMPACTS>No</INTERNATIONAL_IMPACTS>
</REGACT>
<REGACT>
<AGENCY_CODE>0991</AGENCY_CODE>
<RIN>0991-AC02</RIN>
<TITLE>Medicare Program; Changes to the Medicare Claims and Entitlement, Medicare Advantage Organization Determination, and Medicare Prescription Drug Coverage Determination Appeals Procedures</TITLE>
<STAGE>Final Rule</STAGE>
<ECONOMICALLY_SIGNIFICANT>No</ECONOMICALLY_SIGNIFICANT>
<DATE_RECEIVED>2016-11-18</DATE_RECEIVED>
<LEGAL_DEADLINE>None</LEGAL_DEADLINE>
<DATE_COMPLETED>2017-01-03</DATE_COMPLETED>
<DECISION>Consistent with Change</DECISION>
<HEALTH_CARE_ACT>No</HEALTH_CARE_ACT>
<DODD_FRANK_ACT>No</DODD_FRANK_ACT>
<INTERNATIONAL_IMPACTS>No</INTERNATIONAL_IMPACTS>
</REGACT>
<REGACT>
<AGENCY_CODE>1018</AGENCY_CODE>
<RIN>1018-AY29</RIN>
<TITLE>Endangered and Threatened Wildlife and Plants; Policy Regarding Voluntary Prelisting Conservation Actions</TITLE>
<STAGE>Final Rule</STAGE>
<ECONOMICALLY_SIGNIFICANT>No</ECONOMICALLY_SIGNIFICANT>
<DATE_RECEIVED>2016-09-08</DATE_RECEIVED>
<LEGAL_DEADLINE>None</LEGAL_DEADLINE>
<DATE_COMPLETED>2017-01-17</DATE_COMPLETED>
<DECISION>Consistent with Change</DECISION>
<HEALTH_CARE_ACT>No</HEALTH_CARE_ACT>
<DODD_FRANK_ACT>No</DODD_FRANK_ACT>
<INTERNATIONAL_IMPACTS>No</INTERNATIONAL_IMPACTS>
</REGACT>
<REGACT>
<AGENCY_CODE>1018</AGENCY_CODE>
<RIN>1018-BB40</RIN>
<TITLE>Migratory Bird Hunting; 2017-2018 Migratory Game Bird Hunting Regulations</TITLE>
<STAGE>Final Rule</STAGE>
<ECONOMICALLY_SIGNIFICANT>Yes</ECONOMICALLY_SIGNIFICANT>
<DATE_RECEIVED>2017-04-29</DATE_RECEIVED>
<LEGAL_DEADLINE>None</LEGAL_DEADLINE>
<DATE_COMPLETED>2017-05-08</DATE_COMPLETED>
<DECISION>Consistent without Change</DECISION>
<HEALTH_CARE_ACT>No</HEALTH_CARE_ACT>
<DODD_FRANK_ACT>No</DODD_FRANK_ACT>
<INTERNATIONAL_IMPACTS>Yes</INTERNATIONAL_IMPACTS>
</REGACT>
<REGACT>
<AGENCY_CODE>1105</AGENCY_CODE>
<RIN>1105-AB50</RIN>
<TITLE>Implementation of the ADA Amendments Act of 2008 (Section 504 of the Rehabilitation Act of 1973)</TITLE>
<STAGE>Proposed Rule</STAGE>
<ECONOMICALLY_SIGNIFICANT>No</ECONOMICALLY_SIGNIFICANT>
<DATE_RECEIVED>2016-08-03</DATE_RECEIVED>
<LEGAL_DEADLINE>None</LEGAL_DEADLINE>
<DATE_COMPLETED>2017-01-03</DATE_COMPLETED>
<DECISION>Consistent with Change</DECISION>
<DATE_PUBLISHED>2017-01-19</DATE_PUBLISHED>
<HEALTH_CARE_ACT>No</HEALTH_CARE_ACT>
<DODD_FRANK_ACT>No</DODD_FRANK_ACT>
<INTERNATIONAL_IMPACTS>No</INTERNATIONAL_IMPACTS>
</REGACT>
<REGACT>
<AGENCY_CODE>1121</AGENCY_CODE>
<RIN>1121-AA83</RIN>
<TITLE>Office of Juvenile Justice and Delinquency Prevention Formula Grant Program Regulations</TITLE>
<STAGE>Final Rule</STAGE>
<ECONOMICALLY_SIGNIFICANT>No</ECONOMICALLY_SIGNIFICANT>
<DATE_RECEIVED>2016-12-15</DATE_RECEIVED>
<LEGAL_DEADLINE>None</LEGAL_DEADLINE>
<DATE_COMPLETED>2017-01-09</DATE_COMPLETED>
<DECISION>Consistent with Change</DECISION>
<HEALTH_CARE_ACT>No</HEALTH_CARE_ACT>
<DODD_FRANK_ACT>No</DODD_FRANK_ACT>
<INTERNATIONAL_IMPACTS>No</INTERNATIONAL_IMPACTS>
</REGACT>
<REGACT>
<AGENCY_CODE>1121</AGENCY_CODE>
<RIN>1121-AA85</RIN>
<TITLE>Public Safety Officers' Benefits Program Regulations--Project I</TITLE>
<STAGE>Final Rule</STAGE>
<ECONOMICALLY_SIGNIFICANT>No</ECONOMICALLY_SIGNIFICANT>
<DATE_RECEIVED>2016-12-13</DATE_RECEIVED>
<LEGAL_DEADLINE>None</LEGAL_DEADLINE>
<DATE_COMPLETED>2017-01-17</DATE_COMPLETED>
<DECISION>Consistent with Change</DECISION>
<HEALTH_CARE_ACT>No</HEALTH_CARE_ACT>
<DODD_FRANK_ACT>No</DODD_FRANK_ACT>
<INTERNATIONAL_IMPACTS>No</INTERNATIONAL_IMPACTS>
</REGACT>
<REGACT>
<AGENCY_CODE>1121</AGENCY_CODE>
<RIN>1121-AA86</RIN>
<TITLE>Public Safety Officers' Benefits Program Regulations--Project II</TITLE>
<STAGE>Final Rule</STAGE>
<ECONOMICALLY_SIGNIFICANT>No</ECONOMICALLY_SIGNIFICANT>
<DATE_RECEIVED>2016-12-13</DATE_RECEIVED>
<LEGAL_DEADLINE>None</LEGAL_DEADLINE>
<DATE_COMPLETED>2017-01-17</DATE_COMPLETED>
<DECISION>Consistent with Change</DECISION>
<HEALTH_CARE_ACT>No</HEALTH_CARE_ACT>
<DODD_FRANK_ACT>No</DODD_FRANK_ACT>
<INTERNATIONAL_IMPACTS>No</INTERNATIONAL_IMPACTS>
</REGACT>
<REGACT>
<AGENCY_CODE>1210</AGENCY_CODE>
<RIN>1210-AB79</RIN>
<TITLE>Definition of the Term "Fiduciary" - Delay of Applicability Date</TITLE>
<STAGE>Final Rule</STAGE>
<ECONOMICALLY_SIGNIFICANT>Yes</ECONOMICALLY_SIGNIFICANT>
<DATE_RECEIVED>2017-03-28</DATE_RECEIVED>
<LEGAL_DEADLINE>None</LEGAL_DEADLINE>
<DATE_COMPLETED>2017-04-04</DATE_COMPLETED>
<DECISION>Consistent with Change</DECISION>
<HEALTH_CARE_ACT>No</HEALTH_CARE_ACT>
<DODD_FRANK_ACT>No</DODD_FRANK_ACT>
<INTERNATIONAL_IMPACTS>No</INTERNATIONAL_IMPACTS>
</REGACT>
<REGACT>
<AGENCY_CODE>1210</AGENCY_CODE>
<RIN>1210-AB79</RIN>
<TITLE>Definition of the Term "Fiduciary" - Delay of Applicability Date</TITLE>
<STAGE>Proposed Rule</STAGE>
<ECONOMICALLY_SIGNIFICANT>Yes</ECONOMICALLY_SIGNIFICANT>
<DATE_RECEIVED>2017-02-09</DATE_RECEIVED>
<LEGAL_DEADLINE>None</LEGAL_DEADLINE>
<DATE_COMPLETED>2017-02-27</DATE_COMPLETED>
<DECISION>Consistent with Change</DECISION>
<DATE_PUBLISHED>2017-03-02</DATE_PUBLISHED>
<HEALTH_CARE_ACT>No</HEALTH_CARE_ACT>
<DODD_FRANK_ACT>No</DODD_FRANK_ACT>
<INTERNATIONAL_IMPACTS>No</INTERNATIONAL_IMPACTS>
</REGACT>
<REGACT>
<AGENCY_CODE>1210</AGENCY_CODE>
<RIN>1210-ZA26</RIN>
<TITLE>Exemption for Insurance Intermediaries</TITLE>
<STAGE>Notice</STAGE>
<ECONOMICALLY_SIGNIFICANT>Yes</ECONOMICALLY_SIGNIFICANT>
<DATE_RECEIVED>2016-12-29</DATE_RECEIVED>
<LEGAL_DEADLINE>None</LEGAL_DEADLINE>
<DATE_COMPLETED>2017-01-11</DATE_COMPLETED>
<DECISION>Consistent with Change</DECISION>
<HEALTH_CARE_ACT>No</HEALTH_CARE_ACT>
<DODD_FRANK_ACT>No</DODD_FRANK_ACT>
<INTERNATIONAL_IMPACTS>No</INTERNATIONAL_IMPACTS>
</REGACT>
<REGACT>
<AGENCY_CODE>1219</AGENCY_CODE>
<RIN>1219-AB87</RIN>
<TITLE>Examination of Working Places in Metal and Nonmetal Mines</TITLE>
<STAGE>Final Rule</STAGE>
<ECONOMICALLY_SIGNIFICANT>No</ECONOMICALLY_SIGNIFICANT>
<DATE_RECEIVED>2016-11-18</DATE_RECEIVED>
<LEGAL_DEADLINE>None</LEGAL_DEADLINE>
<DATE_COMPLETED>2017-01-11</DATE_COMPLETED>
<DECISION>Consistent with Change</DECISION>
<DATE_PUBLISHED>2017-01-23</DATE_PUBLISHED>
<HEALTH_CARE_ACT>No</HEALTH_CARE_ACT>
<DODD_FRANK_ACT>No</DODD_FRANK_ACT>
<INTERNATIONAL_IMPACTS>No</INTERNATIONAL_IMPACTS>
</REGACT>
<REGACT>
<AGENCY_CODE>1601</AGENCY_CODE>
<RIN>1601-AA76</RIN>
<TITLE>Homeland Security Acquisition Regulation: Safeguarding of Sensitive Information</TITLE>
<STAGE>Proposed Rule</STAGE>
<ECONOMICALLY_SIGNIFICANT>No</ECONOMICALLY_SIGNIFICANT>
<DATE_RECEIVED>2016-02-24</DATE_RECEIVED>
<LEGAL_DEADLINE>None</LEGAL_DEADLINE>
<DATE_COMPLETED>2017-01-10</DATE_COMPLETED>
<DECISION>Consistent with Change</DECISION>
<DATE_PUBLISHED>2017-01-19</DATE_PUBLISHED>
<HEALTH_CARE_ACT>No</HEALTH_CARE_ACT>
<DODD_FRANK_ACT>No</DODD_FRANK_ACT>
<INTERNATIONAL_IMPACTS>No</INTERNATIONAL_IMPACTS>
</REGACT>
<REGACT>
<AGENCY_CODE>1601</AGENCY_CODE>
<RIN>1601-AA78</RIN>
<TITLE>Homeland Security Acquisition Regulation: Information Technology Security Awareness Training</TITLE>
<STAGE>Proposed Rule</STAGE>
<ECONOMICALLY_SIGNIFICANT>No</ECONOMICALLY_SIGNIFICANT>
<DATE_RECEIVED>2016-02-24</DATE_RECEIVED>
<LEGAL_DEADLINE>None</LEGAL_DEADLINE>
<DATE_COMPLETED>2017-01-10</DATE_COMPLETED>
<DECISION>Consistent with Change</DECISION>
<DATE_PUBLISHED>2017-01-19</DATE_PUBLISHED>
<HEALTH_CARE_ACT>No</HEALTH_CARE_ACT>
<DODD_FRANK_ACT>No</DODD_FRANK_ACT>
<INTERNATIONAL_IMPACTS>No</INTERNATIONAL_IMPACTS>
</REGACT>
<REGACT>
<AGENCY_CODE>1601</AGENCY_CODE>
<RIN>1601-AA79</RIN>
<TITLE>Homeland Security Acquisition Regulation: Privacy Training</TITLE>
<STAGE>Proposed Rule</STAGE>
<ECONOMICALLY_SIGNIFICANT>No</ECONOMICALLY_SIGNIFICANT>
<DATE_RECEIVED>2016-02-24</DATE_RECEIVED>
<LEGAL_DEADLINE>None</LEGAL_DEADLINE>
<DATE_COMPLETED>2017-01-10</DATE_COMPLETED>
<DECISION>Consistent with Change</DECISION>
<DATE_PUBLISHED>2017-01-19</DATE_PUBLISHED>
<HEALTH_CARE_ACT>No</HEALTH_CARE_ACT>
<DODD_FRANK_ACT>No</DODD_FRANK_ACT>
<INTERNATIONAL_IMPACTS>No</INTERNATIONAL_IMPACTS>
</REGACT>
<REGACT>
<AGENCY_CODE>1615</AGENCY_CODE>
<RIN>1615-AC04</RIN>
<TITLE>International Entrepreneur  </TITLE>
<STAGE>Final Rule</STAGE>
<ECONOMICALLY_SIGNIFICANT>No</ECONOMICALLY_SIGNIFICANT>
<DATE_RECEIVED>2016-12-29</DATE_RECEIVED>
<LEGAL_DEADLINE>None</LEGAL_DEADLINE>
<DATE_COMPLETED>2017-01-05</DATE_COMPLETED>
<DECISION>Consistent with Change</DECISION>
<HEALTH_CARE_ACT>No</HEALTH_CARE_ACT>
<DODD_FRANK_ACT>No</DODD_FRANK_ACT>
<INTERNATIONAL_IMPACTS>Yes</INTERNATIONAL_IMPACTS>
</REGACT>
<REGACT>
<AGENCY_CODE>1615</AGENCY_CODE>
<RIN>1615-AC07</RIN>
<TITLE>Improvement of the Employment Creation Immigrant Regulations</TITLE>
<STAGE>Proposed Rule</STAGE>
<ECONOMICALLY_SIGNIFICANT>No</ECONOMICALLY_SIGNIFICANT>
<DATE_RECEIVED>2016-12-20</DATE_RECEIVED>
<LEGAL_DEADLINE>None</LEGAL_DEADLINE>
<DATE_COMPLETED>2017-01-06</DATE_COMPLETED>
<DECISION>Consistent with Change</DECISION>
<DATE_PUBLISHED>2017-01-13</DATE_PUBLISHED>
<HEALTH_CARE_ACT>No</HEALTH_CARE_ACT>
<DODD_FRANK_ACT>No</DODD_FRANK_ACT>
<INTERNATIONAL_IMPACTS>Yes</INTERNATIONAL_IMPACTS>
</REGACT>
<REGACT>
<AGENCY_CODE>1615</AGENCY_CODE>
<RIN>1615-AC11</RIN>
<TITLE>EB-5 Immigrant Investor Regional Center Program</TITLE>
<STAGE>Prerule</STAGE>
<ECONOMICALLY_SIGNIFICANT>No</ECONOMICALLY_SIGNIFICANT>
<DATE_RECEIVED>2016-12-27</DATE_RECEIVED>
<LEGAL_DEADLINE>None</LEGAL_DEADLINE>
<DATE_COMPLETED>2017-01-05</DATE_COMPLETED>
<DECISION>Consistent with Change</DECISION>
<DATE_PUBLISHED>2017-01-11</DATE_PUBLISHED>
<HEALTH_CARE_ACT>No</HEALTH_CARE_ACT>
<DODD_FRANK_ACT>No</DODD_FRANK_ACT>
<INTERNATIONAL_IMPACTS>Yes</INTERNATIONAL_IMPACTS>
</REGACT>
<REGACT>
<AGENCY_CODE>1651</AGENCY_CODE>
<RIN>1651-AB06</RIN>
<TITLE>Western Hemisphere Travel Initiative (WHTI)-Noncompliant Traveler Fee</TITLE>
<STAGE>Proposed Rule</STAGE>
<ECONOMICALLY_SIGNIFICANT>Yes</ECONOMICALLY_SIGNIFICANT>
<DATE_RECEIVED>2016-04-14</DATE_RECEIVED>
<LEGAL_DEADLINE>None</LEGAL_DEADLINE>
<DATE_COMPLETED>2017-01-26</DATE_COMPLETED>
<DECISION>Withdrawn</DECISION>
<HEALTH_CARE_ACT>No</HEALTH_CARE_ACT>
<DODD_FRANK_ACT>No</DODD_FRANK_ACT>
<INTERNATIONAL_IMPACTS>No</INTERNATIONAL_IMPACTS>
</REGACT>
<REGACT>
<AGENCY_CODE>1660</AGENCY_CODE>
<RIN>1660-AA84</RIN>
<TITLE>Establishing A Deductible for FEMA's Public Assistance Program</TITLE>
<STAGE>Prerule</STAGE>
<ECONOMICALLY_SIGNIFICANT>No</ECONOMICALLY_SIGNIFICANT>
<DATE_RECEIVED>2016-11-22</DATE_RECEIVED>
<LEGAL_DEADLINE>None</LEGAL_DEADLINE>
<DATE_COMPLETED>2017-01-06</DATE_COMPLETED>
<DECISION>Consistent with Change</DECISION>
<DATE_PUBLISHED>2017-01-12</DATE_PUBLISHED>
<HEALTH_CARE_ACT>No</HEALTH_CARE_ACT>
<DODD_FRANK_ACT>No</DODD_FRANK_ACT>
<INTERNATIONAL_IMPACTS>No</INTERNATIONAL_IMPACTS>
</REGACT>
<REGACT>
<AGENCY_CODE>1660</AGENCY_CODE>
<RIN>1660-ZA18</RIN>
<TITLE>Tribal Declarations Pilot Guidance</TITLE>
<STAGE>Prerule</STAGE>
<ECONOMICALLY_SIGNIFICANT>No</ECONOMICALLY_SIGNIFICANT>
<DATE_RECEIVED>2016-09-13</DATE_RECEIVED>
<LEGAL_DEADLINE>None</LEGAL_DEADLINE>
<DATE_COMPLETED>2017-01-06</DATE_COMPLETED>
<DECISION>Consistent with Change</DECISION>
<HEALTH_CARE_ACT>No</HEALTH_CARE_ACT>
<DODD_FRANK_ACT>No</DODD_FRANK_ACT>
<INTERNATIONAL_IMPACTS>No</INTERNATIONAL_IMPACTS>
</REGACT>
<REGACT>
<AGENCY_CODE>1810</AGENCY_CODE>
<RIN>1810-AB25</RIN>
<TITLE>Priorities, Requirements, Definitions, and Selection Criteria-Striving Readers Comprehensive Literacy Program</TITLE>
<STAGE>Final Rule</STAGE>
<ECONOMICALLY_SIGNIFICANT>Yes</ECONOMICALLY_SIGNIFICANT>
<DATE_RECEIVED>2017-04-19</DATE_RECEIVED>
<LEGAL_DEADLINE>None</LEGAL_DEADLINE>
<DATE_COMPLETED>2017-05-08</DATE_COMPLETED>
<DECISION>Consistent without Change</DECISION>
<HEALTH_CARE_ACT>No</HEALTH_CARE_ACT>
<DODD_FRANK_ACT>No</DODD_FRANK_ACT>
<INTERNATIONAL_IMPACTS>No</INTERNATIONAL_IMPACTS>
</REGACT>
<REGACT>
<AGENCY_CODE>1810</AGENCY_CODE>
<RIN>1810-AB33</RIN>
<TITLE>Elementary and Secondary Education Act of 1965, as Amended by the Every Student Succeeds Act--Supplement Not Supplant under Title I, Part A</TITLE>
<STAGE>Final Rule</STAGE>
<ECONOMICALLY_SIGNIFICANT>Yes</ECONOMICALLY_SIGNIFICANT>
<DATE_RECEIVED>2016-12-06</DATE_RECEIVED>
<LEGAL_DEADLINE>None</LEGAL_DEADLINE>
<DATE_COMPLETED>2017-01-18</DATE_COMPLETED>
<DECISION>Withdrawn</DECISION>
<HEALTH_CARE_ACT>No</HEALTH_CARE_ACT>
<DODD_FRANK_ACT>No</DODD_FRANK_ACT>
<INTERNATIONAL_IMPACTS>No</INTERNATIONAL_IMPACTS>
</REGACT>
<REGACT>
<AGENCY_CODE>1894</AGENCY_CODE>
<RIN>1894-AA07</RIN>
<TITLE>Open Licensing Requirement for Direct Grant Programs</TITLE>
<STAGE>Final Rule</STAGE>
<ECONOMICALLY_SIGNIFICANT>Yes</ECONOMICALLY_SIGNIFICANT>
<DATE_RECEIVED>2016-07-12</DATE_RECEIVED>
<LEGAL_DEADLINE>None</LEGAL_DEADLINE>
<DATE_COMPLETED>2017-01-11</DATE_COMPLETED>
<DECISION>Consistent with Change</DECISION>
<DATE_PUBLISHED>2017-01-19</DATE_PUBLISHED>
<HEALTH_CARE_ACT>No</HEALTH_CARE_ACT>
<DODD_FRANK_ACT>No</DODD_FRANK_ACT>
<INTERNATIONAL_IMPACTS>No</INTERNATIONAL_IMPACTS>
</REGACT>
<REGACT>
<AGENCY_CODE>1904</AGENCY_CODE>
<RIN>1904-AC11</RIN>
<TITLE>Energy Conservation Standards for Manufactured Housing </TITLE>
<STAGE>Final Rule</STAGE>
<ECONOMICALLY_SIGNIFICANT>Yes</ECONOMICALLY_SIGNIFICANT>
<DATE_RECEIVED>2016-11-01</DATE_RECEIVED>
<LEGAL_DEADLINE>Statutory</LEGAL_DEADLINE>
<DATE_COMPLETED>2017-01-31</DATE_COMPLETED>
<DECISION>Withdrawn</DECISION>
<HEALTH_CARE_ACT>No</HEALTH_CARE_ACT>
<DODD_FRANK_ACT>No</DODD_FRANK_ACT>
<INTERNATIONAL_IMPACTS>No</INTERNATIONAL_IMPACTS>
</REGACT>
<REGACT>
<AGENCY_CODE>1904</AGENCY_CODE>
<RIN>1904-AD75</RIN>
<TITLE>Test Procedures for Manufactured Housing</TITLE>
<STAGE>Final Rule</STAGE>
<ECONOMICALLY_SIGNIFICANT>No</ECONOMICALLY_SIGNIFICANT>
<DATE_RECEIVED>2016-12-29</DATE_RECEIVED>
<LEGAL_DEADLINE>None</LEGAL_DEADLINE>
<DATE_COMPLETED>2017-01-31</DATE_COMPLETED>
<DECISION>Withdrawn</DECISION>
<HEALTH_CARE_ACT>No</HEALTH_CARE_ACT>
<DODD_FRANK_ACT>No</DODD_FRANK_ACT>
<INTERNATIONAL_IMPACTS>No</INTERNATIONAL_IMPACTS>
</REGACT>
<REGACT>
<AGENCY_CODE>2008</AGENCY_CODE>
<RIN>2008-AA02</RIN>
<TITLE>Federal Implementation Plan for Oil and Natural Gas Production Facilities on the Uintah and Ouray Indian Reservation in Utah</TITLE>
<STAGE>Proposed Rule</STAGE>
<ECONOMICALLY_SIGNIFICANT>Yes</ECONOMICALLY_SIGNIFICANT>
<DATE_RECEIVED>2016-06-22</DATE_RECEIVED>
<LEGAL_DEADLINE>None</LEGAL_DEADLINE>
<DATE_COMPLETED>2017-01-23</DATE_COMPLETED>
<DECISION>Withdrawn</DECISION>
<HEALTH_CARE_ACT>No</HEALTH_CARE_ACT>
<DODD_FRANK_ACT>No</DODD_FRANK_ACT>
<INTERNATIONAL_IMPACTS>No</INTERNATIONAL_IMPACTS>
</REGACT>
<REGACT>
<AGENCY_CODE>2040</AGENCY_CODE>
<RIN>2040-ZA27</RIN>
<TITLE>National Pollutant Discharge Elimination System Stormwater Construction General Permit</TITLE>
<STAGE>Notice</STAGE>
<ECONOMICALLY_SIGNIFICANT>No</ECONOMICALLY_SIGNIFICANT>
<DATE_RECEIVED>2016-10-14</DATE_RECEIVED>
<LEGAL_DEADLINE>None</LEGAL_DEADLINE>
<DATE_COMPLETED>2017-01-06</DATE_COMPLETED>
<DECISION>Consistent with Change</DECISION>
<HEALTH_CARE_ACT>No</HEALTH_CARE_ACT>
<DODD_FRANK_ACT>No</DODD_FRANK_ACT>
<INTERNATIONAL_IMPACTS>No</INTERNATIONAL_IMPACTS>
</REGACT>
<REGACT>
<AGENCY_CODE>2060</AGENCY_CODE>
<RIN>2060-AP06</RIN>
<TITLE>Standards of Performance for Grain Elevators</TITLE>
<STAGE>Final Rule</STAGE>
<ECONOMICALLY_SIGNIFICANT>No</ECONOMICALLY_SIGNIFICANT>
<DATE_RECEIVED>2016-10-24</DATE_RECEIVED>
<LEGAL_DEADLINE>None</LEGAL_DEADLINE>
<DATE_COMPLETED>2017-01-23</DATE_COMPLETED>
<DECISION>Withdrawn</DECISION>
<HEALTH_CARE_ACT>No</HEALTH_CARE_ACT>
<DODD_FRANK_ACT>No</DODD_FRANK_ACT>
<INTERNATIONAL_IMPACTS>No</INTERNATIONAL_IMPACTS>
</REGACT>
<REGACT>
<AGENCY_CODE>2060</AGENCY_CODE>
<RIN>2060-AP43</RIN>
<TITLE>Revision of 40 CFR Part 192--Health and Environmental Protection Standards for Uranium and Thorium Mill Tailings and Uranium In Situ Leaching Processing Facilities</TITLE>
<STAGE>Final Rule</STAGE>
<ECONOMICALLY_SIGNIFICANT>No</ECONOMICALLY_SIGNIFICANT>
<DATE_RECEIVED>2016-10-05</DATE_RECEIVED>
<LEGAL_DEADLINE>None</LEGAL_DEADLINE>
<DATE_COMPLETED>2017-01-03</DATE_COMPLETED>
<DECISION>Withdrawn</DECISION>
<HEALTH_CARE_ACT>No</HEALTH_CARE_ACT>
<DODD_FRANK_ACT>No</DODD_FRANK_ACT>
<INTERNATIONAL_IMPACTS>No</INTERNATIONAL_IMPACTS>
</REGACT>
<REGACT>
<AGENCY_CODE>2060</AGENCY_CODE>
<RIN>2060-AP43</RIN>
<TITLE>Revision of 40 CFR 192--Health and Environmental Protection Standards for Uranium and Thorium Mill Tailings and Uranium In Situ Leaching Processing Facilities</TITLE>
<STAGE>Proposed Rule</STAGE>
<ECONOMICALLY_SIGNIFICANT>No</ECONOMICALLY_SIGNIFICANT>
<DATE_RECEIVED>2017-01-03</DATE_RECEIVED>
<LEGAL_DEADLINE>None</LEGAL_DEADLINE>
<DATE_COMPLETED>2017-01-03</DATE_COMPLETED>
<DECISION>Consistent with Change</DECISION>
<DATE_PUBLISHED>2017-01-19</DATE_PUBLISHED>
<HEALTH_CARE_ACT>No</HEALTH_CARE_ACT>
<DODD_FRANK_ACT>No</DODD_FRANK_ACT>
<INTERNATIONAL_IMPACTS>No</INTERNATIONAL_IMPACTS>
</REGACT>
<REGACT>
<AGENCY_CODE>2070</AGENCY_CODE>
<RIN>2070-AK07</RIN>
<TITLE>N-Methylpyrrolidone (NMP) and Methylene Chloride; Rulemaking Under TSCA Section6(a)</TITLE>
<STAGE>Proposed Rule</STAGE>
<ECONOMICALLY_SIGNIFICANT>Yes</ECONOMICALLY_SIGNIFICANT>
<DATE_RECEIVED>2016-10-24</DATE_RECEIVED>
<LEGAL_DEADLINE>None</LEGAL_DEADLINE>
<DATE_COMPLETED>2017-01-12</DATE_COMPLETED>
<DECISION>Consistent with Change</DECISION>
<DATE_PUBLISHED>2017-01-19</DATE_PUBLISHED>
<HEALTH_CARE_ACT>No</HEALTH_CARE_ACT>
<DODD_FRANK_ACT>No</DODD_FRANK_ACT>
<INTERNATIONAL_IMPACTS>No</INTERNATIONAL_IMPACTS>
</REGACT>
<REGACT>
<AGENCY_CODE>2070</AGENCY_CODE>
<RIN>2070-AK11</RIN>
<TITLE>Trichloroethylene (TCE); Rulemaking Under TSCA Section6(a); Vapor Degreasing</TITLE>
<STAGE>Proposed Rule</STAGE>
<ECONOMICALLY_SIGNIFICANT>Yes</ECONOMICALLY_SIGNIFICANT>
<DATE_RECEIVED>2016-09-30</DATE_RECEIVED>
<LEGAL_DEADLINE>None</LEGAL_DEADLINE>
<DATE_COMPLETED>2017-01-10</DATE_COMPLETED>
<DECISION>Consistent with Change</DECISION>
<DATE_PUBLISHED>2017-01-19</DATE_PUBLISHED>
<HEALTH_CARE_ACT>No</HEALTH_CARE_ACT>
<DODD_FRANK_ACT>No</DODD_FRANK_ACT>
<INTERNATIONAL_IMPACTS>No</INTERNATIONAL_IMPACTS>
</REGACT>
<REGACT>
<AGENCY_CODE>2070</AGENCY_CODE>
<RIN>2070-AK12</RIN>
<TITLE>Polychlorinated Biphenyls (PCBs); Reassessment of Use Authorizations for PCBs in Small Capacitors in Fluorescent Light Ballasts in Schools and Daycares</TITLE>
<STAGE>Proposed Rule</STAGE>
<ECONOMICALLY_SIGNIFICANT>Yes</ECONOMICALLY_SIGNIFICANT>
<DATE_RECEIVED>2016-11-18</DATE_RECEIVED>
<LEGAL_DEADLINE>None</LEGAL_DEADLINE>
<DATE_COMPLETED>2017-01-23</DATE_COMPLETED>
<DECISION>Withdrawn</DECISION>
<HEALTH_CARE_ACT>No</HEALTH_CARE_ACT>
<DODD_FRANK_ACT>No</DODD_FRANK_ACT>
<INTERNATIONAL_IMPACTS>No</INTERNATIONAL_IMPACTS>
</REGACT>
<REGACT>
<AGENCY_CODE>2070</AGENCY_CODE>
<RIN>2070-AK20</RIN>
<TITLE>Procedures for Evaluating Existing Chemical Risks Under the Toxic Substances Control Act</TITLE>
<STAGE>Proposed Rule</STAGE>
<ECONOMICALLY_SIGNIFICANT>No</ECONOMICALLY_SIGNIFICANT>
<DATE_RECEIVED>2016-11-10</DATE_RECEIVED>
<LEGAL_DEADLINE>Statutory</LEGAL_DEADLINE>
<DATE_COMPLETED>2017-01-12</DATE_COMPLETED>
<DECISION>Consistent with Change</DECISION>
<DATE_PUBLISHED>2017-01-19</DATE_PUBLISHED>
<HEALTH_CARE_ACT>No</HEALTH_CARE_ACT>
<DODD_FRANK_ACT>No</DODD_FRANK_ACT>
<INTERNATIONAL_IMPACTS>No</INTERNATIONAL_IMPACTS>
</REGACT>
<REGACT>
<AGENCY_CODE>2105</AGENCY_CODE>
<RIN>2105-AE38</RIN>
<TITLE>Geographic-Based Hiring Preferences in Administering Federal Awards</TITLE>
<STAGE>Final Rule</STAGE>
<ECONOMICALLY_SIGNIFICANT>No</ECONOMICALLY_SIGNIFICANT>
<DATE_RECEIVED>2016-09-21</DATE_RECEIVED>
<LEGAL_DEADLINE>None</LEGAL_DEADLINE>
<DATE_COMPLETED>2017-01-26</DATE_COMPLETED>
<DECISION>Withdrawn</DECISION>
<HEALTH_CARE_ACT>No</HEALTH_CARE_ACT>
<DODD_FRANK_ACT>No</DODD_FRANK_ACT>
<INTERNATIONAL_IMPACTS>No</INTERNATIONAL_IMPACTS>
</REGACT>
<REGACT>
<AGENCY_CODE>2105</AGENCY_CODE>
<RIN>2105-AE56</RIN>
<TITLE>Ancillary Service Fees and the GDS Issue</TITLE>
<STAGE>Proposed Rule</STAGE>
<ECONOMICALLY_SIGNIFICANT>No</ECONOMICALLY_SIGNIFICANT>
<DATE_RECEIVED>2016-10-18</DATE_RECEIVED>
<LEGAL_DEADLINE>None</LEGAL_DEADLINE>
<DATE_COMPLETED>2017-01-06</DATE_COMPLETED>
<DECISION>Consistent with Change</DECISION>
<DATE_PUBLISHED>2017-01-19</DATE_PUBLISHED>
<HEALTH_CARE_ACT>No</HEALTH_CARE_ACT>
<DODD_FRANK_ACT>No</DODD_FRANK_ACT>
<INTERNATIONAL_IMPACTS>No</INTERNATIONAL_IMPACTS>
</REGACT>
<REGACT>
<AGENCY_CODE>2120</AGENCY_CODE>
<RIN>2120-AK85</RIN>
<TITLE>Operations of Small Unmanned Aircraft Over People</TITLE>
<STAGE>Proposed Rule</STAGE>
<ECONOMICALLY_SIGNIFICANT>Yes</ECONOMICALLY_SIGNIFICANT>
<DATE_RECEIVED>2016-11-14</DATE_RECEIVED>
<LEGAL_DEADLINE>None</LEGAL_DEADLINE>
<DATE_COMPLETED>2017-01-26</DATE_COMPLETED>
<DECISION>Withdrawn</DECISION>
<HEALTH_CARE_ACT>No</HEALTH_CARE_ACT>
<DODD_FRANK_ACT>No</DODD_FRANK_ACT>
<INTERNATIONAL_IMPACTS>No</INTERNATIONAL_IMPACTS>
</REGACT>
<REGACT>
<AGENCY_CODE>2120</AGENCY_CODE>
<RIN>2120-AK99</RIN>
<TITLE>Extension of the Prohibition against Certain Flights in the Tripoli (HLLL) Flight Information Region</TITLE>
<STAGE>Final Rule</STAGE>
<ECONOMICALLY_SIGNIFICANT>No</ECONOMICALLY_SIGNIFICANT>
<DATE_RECEIVED>2017-01-13</DATE_RECEIVED>
<LEGAL_DEADLINE>None</LEGAL_DEADLINE>
<DATE_COMPLETED>2017-02-16</DATE_COMPLETED>
<DECISION>Consistent without Change</DECISION>
<HEALTH_CARE_ACT>No</HEALTH_CARE_ACT>
<DODD_FRANK_ACT>No</DODD_FRANK_ACT>
<INTERNATIONAL_IMPACTS>No</INTERNATIONAL_IMPACTS>
</REGACT>
<REGACT>
<AGENCY_CODE>2125</AGENCY_CODE>
<RIN>2125-AF53</RIN>
<TITLE>National Goals and Performance Management Measures 2 (MAP-21)</TITLE>
<STAGE>Final Rule</STAGE>
<ECONOMICALLY_SIGNIFICANT>No</ECONOMICALLY_SIGNIFICANT>
<DATE_RECEIVED>2016-09-09</DATE_RECEIVED>
<LEGAL_DEADLINE>Statutory</LEGAL_DEADLINE>
<DATE_COMPLETED>2017-01-06</DATE_COMPLETED>
<DECISION>Consistent with Change</DECISION>
<DATE_PUBLISHED>2017-01-18</DATE_PUBLISHED>
<HEALTH_CARE_ACT>No</HEALTH_CARE_ACT>
<DODD_FRANK_ACT>No</DODD_FRANK_ACT>
<INTERNATIONAL_IMPACTS>No</INTERNATIONAL_IMPACTS>
</REGACT>
<REGACT>
<AGENCY_CODE>2125</AGENCY_CODE>
<RIN>2125-AF54</RIN>
<TITLE>National Goals and Performance Management Measures 3 (MAP-21)</TITLE>
<STAGE>Final Rule</STAGE>
<ECONOMICALLY_SIGNIFICANT>Yes</ECONOMICALLY_SIGNIFICANT>
<DATE_RECEIVED>2016-11-16</DATE_RECEIVED>
<LEGAL_DEADLINE>Statutory</LEGAL_DEADLINE>
<DATE_COMPLETED>2017-01-09</DATE_COMPLETED>
<DECISION>Consistent with Change</DECISION>
<DATE_PUBLISHED>2017-01-18</DATE_PUBLISHED>
<HEALTH_CARE_ACT>No</HEALTH_CARE_ACT>
<DODD_FRANK_ACT>No</DODD_FRANK_ACT>
<INTERNATIONAL_IMPACTS>No</INTERNATIONAL_IMPACTS>
</REGACT>
<REGACT>
<AGENCY_CODE>2125</AGENCY_CODE>
<RIN>2125-ZA07</RIN>
<TITLE>Vehicle to Infrastructure (V2I) Interim Guidance </TITLE>
<STAGE>Prerule</STAGE>
<ECONOMICALLY_SIGNIFICANT>No</ECONOMICALLY_SIGNIFICANT>
<DATE_RECEIVED>2016-02-05</DATE_RECEIVED>
<LEGAL_DEADLINE>None</LEGAL_DEADLINE>
<DATE_COMPLETED>2017-01-13</DATE_COMPLETED>
<DECISION>Consistent with Change</DECISION>
<HEALTH_CARE_ACT>No</HEALTH_CARE_ACT>
<DODD_FRANK_ACT>No</DODD_FRANK_ACT>
<INTERNATIONAL_IMPACTS>No</INTERNATIONAL_IMPACTS>
</REGACT>
<REGACT>
<AGENCY_CODE>2127</AGENCY_CODE>
<RIN>2127-AK76</RIN>
<TITLE>Tire Fuel Efficiency Consumer Information--Part 2</TITLE>
<STAGE>Proposed Rule</STAGE>
<ECONOMICALLY_SIGNIFICANT>No</ECONOMICALLY_SIGNIFICANT>
<DATE_RECEIVED>2016-10-15</DATE_RECEIVED>
<LEGAL_DEADLINE>None</LEGAL_DEADLINE>
<DATE_COMPLETED>2017-01-26</DATE_COMPLETED>
<DECISION>Withdrawn</DECISION>
<HEALTH_CARE_ACT>No</HEALTH_CARE_ACT>
<DODD_FRANK_ACT>No</DODD_FRANK_ACT>
<INTERNATIONAL_IMPACTS>No</INTERNATIONAL_IMPACTS>
</REGACT>
<REGACT>
<AGENCY_CODE>2130</AGENCY_CODE>
<RIN>2130-AC48</RIN>
<TITLE>Train Crew Staffing and Location</TITLE>
<STAGE>Final Rule</STAGE>
<ECONOMICALLY_SIGNIFICANT>No</ECONOMICALLY_SIGNIFICANT>
<DATE_RECEIVED>2016-12-24</DATE_RECEIVED>
<LEGAL_DEADLINE>None</LEGAL_DEADLINE>
<DATE_COMPLETED>2017-01-26</DATE_COMPLETED>
<DECISION>Withdrawn</DECISION>
<HEALTH_CARE_ACT>No</HEALTH_CARE_ACT>
<DODD_FRANK_ACT>No</DODD_FRANK_ACT>
<INTERNATIONAL_IMPACTS>No</INTERNATIONAL_IMPACTS>
</REGACT>
<REGACT>
<AGENCY_CODE>2132</AGENCY_CODE>
<RIN>2132-AB23</RIN>
<TITLE>Public Transportation Agency Safety Plans</TITLE>
<STAGE>Final Rule</STAGE>
<ECONOMICALLY_SIGNIFICANT>Yes</ECONOMICALLY_SIGNIFICANT>
<DATE_RECEIVED>2016-10-26</DATE_RECEIVED>
<LEGAL_DEADLINE>None</LEGAL_DEADLINE>
<DATE_COMPLETED>2017-01-05</DATE_COMPLETED>
<DECISION>Consistent with Change</DECISION>
<HEALTH_CARE_ACT>No</HEALTH_CARE_ACT>
<DODD_FRANK_ACT>No</DODD_FRANK_ACT>
<INTERNATIONAL_IMPACTS>No</INTERNATIONAL_IMPACTS>
</REGACT>
<REGACT>
<AGENCY_CODE>2132</AGENCY_CODE>
<RIN>2132-ZA04</RIN>
<TITLE>National Public Transportation Safety Plan</TITLE>
<STAGE>Notice</STAGE>
<ECONOMICALLY_SIGNIFICANT>No</ECONOMICALLY_SIGNIFICANT>
<DATE_RECEIVED>2016-10-26</DATE_RECEIVED>
<LEGAL_DEADLINE>None</LEGAL_DEADLINE>
<DATE_COMPLETED>2017-01-05</DATE_COMPLETED>
<DECISION>Consistent with Change</DECISION>
<HEALTH_CARE_ACT>No</HEALTH_CARE_ACT>
<DODD_FRANK_ACT>No</DODD_FRANK_ACT>
<INTERNATIONAL_IMPACTS>No</INTERNATIONAL_IMPACTS>
</REGACT>
<REGACT>
<AGENCY_CODE>2133</AGENCY_CODE>
<RIN>2133-AB74</RIN>
<TITLE>Cargo Preference</TITLE>
<STAGE>Proposed Rule</STAGE>
<ECONOMICALLY_SIGNIFICANT>No</ECONOMICALLY_SIGNIFICANT>
<DATE_RECEIVED>2015-03-11</DATE_RECEIVED>
<LEGAL_DEADLINE>None</LEGAL_DEADLINE>
<DATE_COMPLETED>2017-01-10</DATE_COMPLETED>
<DECISION>Withdrawn</DECISION>
<HEALTH_CARE_ACT>No</HEALTH_CARE_ACT>
<DODD_FRANK_ACT>No</DODD_FRANK_ACT>
<INTERNATIONAL_IMPACTS>Yes</INTERNATIONAL_IMPACTS>
</REGACT>
<REGACT>
<AGENCY_CODE>2137</AGENCY_CODE>
<RIN>2137-AE66</RIN>
<TITLE>Pipeline Safety: Safety of Hazardous Liquid Pipelines</TITLE>
<STAGE>Final Rule</STAGE>
<ECONOMICALLY_SIGNIFICANT>No</ECONOMICALLY_SIGNIFICANT>
<DATE_RECEIVED>2016-10-18</DATE_RECEIVED>
<LEGAL_DEADLINE>None</LEGAL_DEADLINE>
<DATE_COMPLETED>2017-01-10</DATE_COMPLETED>
<DECISION>Consistent with Change</DECISION>
<HEALTH_CARE_ACT>No</HEALTH_CARE_ACT>
<DODD_FRANK_ACT>No</DODD_FRANK_ACT>
<INTERNATIONAL_IMPACTS>No</INTERNATIONAL_IMPACTS>
</REGACT>
<REGACT>
<AGENCY_CODE>2137</AGENCY_CODE>
<RIN>2137-AF20</RIN>
<TITLE>Hazardous Materials: Revised Lithium Battery Provisions</TITLE>
<STAGE>Interim Final Rule</STAGE>
<ECONOMICALLY_SIGNIFICANT>No</ECONOMICALLY_SIGNIFICANT>
<DATE_RECEIVED>2016-08-17</DATE_RECEIVED>
<LEGAL_DEADLINE>None</LEGAL_DEADLINE>
<DATE_COMPLETED>2017-01-13</DATE_COMPLETED>
<DECISION>Consistent with Change</DECISION>
<HEALTH_CARE_ACT>No</HEALTH_CARE_ACT>
<DODD_FRANK_ACT>No</DODD_FRANK_ACT>
<INTERNATIONAL_IMPACTS>Yes</INTERNATIONAL_IMPACTS>
</REGACT>
<REGACT>
<AGENCY_CODE>2137</AGENCY_CODE>
<RIN>2137-AF24</RIN>
<TITLE>Hazardous Materials: Volatility of Unrefined Petroleum Products and Class 3 Materials</TITLE>
<STAGE>Prerule</STAGE>
<ECONOMICALLY_SIGNIFICANT>No</ECONOMICALLY_SIGNIFICANT>
<DATE_RECEIVED>2016-12-15</DATE_RECEIVED>
<LEGAL_DEADLINE>None</LEGAL_DEADLINE>
<DATE_COMPLETED>2017-01-09</DATE_COMPLETED>
<DECISION>Consistent with Change</DECISION>
<HEALTH_CARE_ACT>No</HEALTH_CARE_ACT>
<DODD_FRANK_ACT>No</DODD_FRANK_ACT>
<INTERNATIONAL_IMPACTS>No</INTERNATIONAL_IMPACTS>
</REGACT>
<REGACT>
<AGENCY_CODE>2501</AGENCY_CODE>
<RIN>2501-AD77</RIN>
<TITLE>Notification, Evaluation and Reduction of Lead-Based Paint Hazards in Federally Owned Residential Property and Housing Receiving Federal Assistance; Response to Elevated Blood Lead Level (FR-5816)</TITLE>
<STAGE>Final Rule</STAGE>
<ECONOMICALLY_SIGNIFICANT>No</ECONOMICALLY_SIGNIFICANT>
<DATE_RECEIVED>2016-11-21</DATE_RECEIVED>
<LEGAL_DEADLINE>None</LEGAL_DEADLINE>
<DATE_COMPLETED>2017-01-04</DATE_COMPLETED>
<DECISION>Consistent with Change</DECISION>
<DATE_PUBLISHED>2017-01-13</DATE_PUBLISHED>
<HEALTH_CARE_ACT>No</HEALTH_CARE_ACT>
<DODD_FRANK_ACT>No</DODD_FRANK_ACT>
<INTERNATIONAL_IMPACTS>No</INTERNATIONAL_IMPACTS>
</REGACT>
<REGACT>
<AGENCY_CODE>2502</AGENCY_CODE>
<RIN>2502-AI79</RIN>
<TITLE>Federal Housing Administration (FHA): Strengthening the Home Equity Conversion Mortgages (HECM) Program to Promote Sustained Homeownership (FR-5353)</TITLE>
<STAGE>Final Rule</STAGE>
<ECONOMICALLY_SIGNIFICANT>Yes</ECONOMICALLY_SIGNIFICANT>
<DATE_RECEIVED>2016-11-21</DATE_RECEIVED>
<LEGAL_DEADLINE>None</LEGAL_DEADLINE>
<DATE_COMPLETED>2017-01-11</DATE_COMPLETED>
<DECISION>Consistent with Change</DECISION>
<DATE_PUBLISHED>2017-01-19</DATE_PUBLISHED>
<HEALTH_CARE_ACT>No</HEALTH_CARE_ACT>
<DODD_FRANK_ACT>No</DODD_FRANK_ACT>
<INTERNATIONAL_IMPACTS>No</INTERNATIONAL_IMPACTS>
</REGACT>
<REGACT>
<AGENCY_CODE>2900</AGENCY_CODE>
<RIN>2900-AP54</RIN>
<TITLE>VA Homeless Providers Grant and Per Diem Program</TITLE>
<STAGE>Proposed Rule</STAGE>
<ECONOMICALLY_SIGNIFICANT>No</ECONOMICALLY_SIGNIFICANT>
<DATE_RECEIVED>2016-10-17</DATE_RECEIVED>
<LEGAL_DEADLINE>None</LEGAL_DEADLINE>
<DATE_COMPLETED>2017-01-19</DATE_COMPLETED>
<DECISION>Consistent with Change</DECISION>
<HEALTH_CARE_ACT>No</HEALTH_CARE_ACT>
<DODD_FRANK_ACT>No</DODD_FRANK_ACT>
<INTERNATIONAL_IMPACTS>No</INTERNATIONAL_IMPACTS>
</REGACT>
<REGACT>
<AGENCY_CODE>2900</AGENCY_CODE>
<RIN>2900-AP66</RIN>
<TITLE>Diseases Associated With Exposure to Contaminants in the Water Supply at Camp Lejeune</TITLE>
<STAGE>Final Rule</STAGE>
<ECONOMICALLY_SIGNIFICANT>Yes</ECONOMICALLY_SIGNIFICANT>
<DATE_RECEIVED>2016-11-16</DATE_RECEIVED>
<LEGAL_DEADLINE>None</LEGAL_DEADLINE>
<DATE_COMPLETED>2017-01-06</DATE_COMPLETED>
<DECISION>Consistent with Change</DECISION>
<DATE_PUBLISHED>2017-01-13</DATE_PUBLISHED>
<HEALTH_CARE_ACT>No</HEALTH_CARE_ACT>
<DODD_FRANK_ACT>No</DODD_FRANK_ACT>
<INTERNATIONAL_IMPACTS>No</INTERNATIONAL_IMPACTS>
</REGACT>
<REGACT>
<AGENCY_CODE>3014</AGENCY_CODE>
<RIN>3014-AA37</RIN>
<TITLE>Information and Communication Technology Standards and Guidelines</TITLE>
<STAGE>Final Rule</STAGE>
<ECONOMICALLY_SIGNIFICANT>Yes</ECONOMICALLY_SIGNIFICANT>
<DATE_RECEIVED>2016-10-24</DATE_RECEIVED>
<LEGAL_DEADLINE>None</LEGAL_DEADLINE>
<DATE_COMPLETED>2017-01-05</DATE_COMPLETED>
<DECISION>Consistent with Change</DECISION>
<DATE_PUBLISHED>2017-01-18</DATE_PUBLISHED>
<HEALTH_CARE_ACT>No</HEALTH_CARE_ACT>
<DODD_FRANK_ACT>No</DODD_FRANK_ACT>
<INTERNATIONAL_IMPACTS>Yes</INTERNATIONAL_IMPACTS>
</REGACT>
<REGACT>
<AGENCY_CODE>3095</AGENCY_CODE>
<RIN>3095-AB87</RIN>
<TITLE>Presidential Records</TITLE>
<STAGE>Final Rule No Material Change</STAGE>
<ECONOMICALLY_SIGNIFICANT>No</ECONOMICALLY_SIGNIFICANT>
<DATE_RECEIVED>2017-04-13</DATE_RECEIVED>
<LEGAL_DEADLINE>None</LEGAL_DEADLINE>
<DATE_COMPLETED>2017-05-24</DATE_COMPLETED>
<DECISION>Consistent with Change</DECISION>
<HEALTH_CARE_ACT>No</HEALTH_CARE_ACT>
<DODD_FRANK_ACT>No</DODD_FRANK_ACT>
<INTERNATIONAL_IMPACTS>No</INTERNATIONAL_IMPACTS>
</REGACT>
<REGACT>
<AGENCY_CODE>3206</AGENCY_CODE>
<RIN>3206-AL14</RIN>
<TITLE>Medical Qualification Determinations</TITLE>
<STAGE>Final Rule</STAGE>
<ECONOMICALLY_SIGNIFICANT>No</ECONOMICALLY_SIGNIFICANT>
<DATE_RECEIVED>2016-12-21</DATE_RECEIVED>
<LEGAL_DEADLINE>None</LEGAL_DEADLINE>
<DATE_COMPLETED>2017-01-10</DATE_COMPLETED>
<DECISION>Consistent with Change</DECISION>
<DATE_PUBLISHED>2017-01-18</DATE_PUBLISHED>
<HEALTH_CARE_ACT>No</HEALTH_CARE_ACT>
<DODD_FRANK_ACT>No</DODD_FRANK_ACT>
<INTERNATIONAL_IMPACTS>No</INTERNATIONAL_IMPACTS>
</REGACT>
<REGACT>
<AGENCY_CODE>3206</AGENCY_CODE>
<RIN>3206-AM76</RIN>
<TITLE>Noncompetitive Appointment of Certain Military Spouses</TITLE>
<STAGE>Final Rule</STAGE>
<ECONOMICALLY_SIGNIFICANT>No</ECONOMICALLY_SIGNIFICANT>
<DATE_RECEIVED>2016-12-21</DATE_RECEIVED>
<LEGAL_DEADLINE>None</LEGAL_DEADLINE>
<DATE_COMPLETED>2017-01-10</DATE_COMPLETED>
<DECISION>Consistent without Change</DECISION>
<HEALTH_CARE_ACT>No</HEALTH_CARE_ACT>
<DODD_FRANK_ACT>No</DODD_FRANK_ACT>
<INTERNATIONAL_IMPACTS>No</INTERNATIONAL_IMPACTS>
</REGACT>
<REGACT>
<AGENCY_CODE>3206</AGENCY_CODE>
<RIN>3206-AN46</RIN>
<TITLE>Recruitment and Selection Through Competitive Examination</TITLE>
<STAGE>Interim Final Rule</STAGE>
<ECONOMICALLY_SIGNIFICANT>No</ECONOMICALLY_SIGNIFICANT>
<DATE_RECEIVED>2016-12-18</DATE_RECEIVED>
<LEGAL_DEADLINE>None</LEGAL_DEADLINE>
<DATE_COMPLETED>2017-01-10</DATE_COMPLETED>
<DECISION>Consistent with Change</DECISION>
<HEALTH_CARE_ACT>No</HEALTH_CARE_ACT>
<DODD_FRANK_ACT>No</DODD_FRANK_ACT>
<INTERNATIONAL_IMPACTS>No</INTERNATIONAL_IMPACTS>
</REGACT>
<REGACT>
<AGENCY_CODE>3245</AGENCY_CODE>
<RIN>3245-AG64</RIN>
<TITLE>Small Business Innovation Research Program and Small Business Technology Transfer Program Policy Directive</TITLE>
<STAGE>Final Rule</STAGE>
<ECONOMICALLY_SIGNIFICANT>No</ECONOMICALLY_SIGNIFICANT>
<DATE_RECEIVED>2016-12-22</DATE_RECEIVED>
<LEGAL_DEADLINE>None</LEGAL_DEADLINE>
<DATE_COMPLETED>2017-01-26</DATE_COMPLETED>
<DECISION>Withdrawn</DECISION>
<HEALTH_CARE_ACT>No</HEALTH_CARE_ACT>
<DODD_FRANK_ACT>No</DODD_FRANK_ACT>
<INTERNATIONAL_IMPACTS>No</INTERNATIONAL_IMPACTS>
</REGACT>
<REGACT>
<AGENCY_CODE>3245</AGENCY_CODE>
<RIN>3245-AG66</RIN>
<TITLE>Small Business Investment Company (SBIC) Program - Impact SBICs</TITLE>
<STAGE>Final Rule</STAGE>
<ECONOMICALLY_SIGNIFICANT>No</ECONOMICALLY_SIGNIFICANT>
<DATE_RECEIVED>2016-11-26</DATE_RECEIVED>
<LEGAL_DEADLINE>None</LEGAL_DEADLINE>
<DATE_COMPLETED>2017-01-09</DATE_COMPLETED>
<DECISION>Consistent with Change</DECISION>
<HEALTH_CARE_ACT>No</HEALTH_CARE_ACT>
<DODD_FRANK_ACT>No</DODD_FRANK_ACT>
<INTERNATIONAL_IMPACTS>No</INTERNATIONAL_IMPACTS>
</REGACT>
<REGACT>
<AGENCY_CODE>3245</AGENCY_CODE>
<RIN>3245-AG68</RIN>
<TITLE>Small Business Investment Companies (SBIC); Early Stage Initiative</TITLE>
<STAGE>Final Rule</STAGE>
<ECONOMICALLY_SIGNIFICANT>No</ECONOMICALLY_SIGNIFICANT>
<DATE_RECEIVED>2016-12-16</DATE_RECEIVED>
<LEGAL_DEADLINE>None</LEGAL_DEADLINE>
<DATE_COMPLETED>2017-01-12</DATE_COMPLETED>
<DECISION>Consistent without Change</DECISION>
<HEALTH_CARE_ACT>No</HEALTH_CARE_ACT>
<DODD_FRANK_ACT>No</DODD_FRANK_ACT>
<INTERNATIONAL_IMPACTS>No</INTERNATIONAL_IMPACTS>
</REGACT>
<REGACT>
<AGENCY_CODE>3245</AGENCY_CODE>
<RIN>3245-AG77</RIN>
<TITLE>Disaster Loan Programs; Federal Flood Risk Management Standard</TITLE>
<STAGE>Proposed Rule</STAGE>
<ECONOMICALLY_SIGNIFICANT>No</ECONOMICALLY_SIGNIFICANT>
<DATE_RECEIVED>2016-11-10</DATE_RECEIVED>
<LEGAL_DEADLINE>None</LEGAL_DEADLINE>
<DATE_COMPLETED>2017-01-26</DATE_COMPLETED>
<DECISION>Withdrawn</DECISION>
<HEALTH_CARE_ACT>No</HEALTH_CARE_ACT>
<DODD_FRANK_ACT>No</DODD_FRANK_ACT>
<INTERNATIONAL_IMPACTS>No</INTERNATIONAL_IMPACTS>
</REGACT>
</OIRA_DATA>
